Workbook

Sheet 01_TongHop
A1: BẢNG DỰ TOÁN KINH PHÍ THEO GIAI ĐOẠN – DỰ ÁN SMARTBOX
A2: ĐỀ TÀI | B2: Phát triển và triển khai Hệ thống quản lý tủ đồ thông minh Smartbox tại KĐT Vinhomes Ocean Park, Gia Lâm
A3: MÃ SỐ | B3: CNTT2026_N05
A4: CHỦ NHIỆM | B4: Hoàng Đàm Khánh
A5: THỜI GIAN | B5: 08/09/2026 – 26/02/2027 (06 tháng)
A7: TT | B7: Danh mục | C7: 1. Scope | D7: 2. Analysis | E7: 3. Design | F7: 4. Development | G7: 5. Testing | H7: 6. Deployment | I7: Tổng | J7: Ghi chú
A8: 1 | B8: Công lao động | C8: =SUMIF('03_NhanCong'!$D$6:$D$29,C$7,'03_NhanCong'!$G$6:$G$29) -> 33141210 | D8: =SUMIF('03_NhanCong'!$D$6:$D$29,D$7,'03_NhanCong'!$G$6:$G$29) -> 39385207 | E8: =SUMIF('03_NhanCong'!$D$6:$D$29,E$7,'03_NhanCong'!$G$6:$G$29) -> 40105668 | F8: =SUMIF('03_NhanCong'!$D$6:$D$29,F$7,'03_NhanCong'!$G$6:$G$29) -> 75168108 | G8: =SUMIF('03_NhanCong'!$D$6:$D$29,G$7,'03_NhanCong'!$G$6:$G$29) -> 40105668 | H8: =SUMIF('03_NhanCong'!$D$6:$D$29,H$7,'03_NhanCong'!$G$6:$G$29) -> 22094140 | I8: =SUM(C8:H8) -> 2.5e+08 | J8: Phân bổ theo ngày công của 19 gói WBS; hạch toán theo giai đoạn hoàn thành.
A9: 2 | B9: Hạ tầng, thiết bị demo | C9: =SUMIF('04_ThietBi_HaTang'!$B$4:$B$12,C$7,'04_ThietBi_HaTang'!$H$4:$H$12) -> 0 | D9: =SUMIF('04_ThietBi_HaTang'!$B$4:$B$12,D$7,'04_ThietBi_HaTang'!$H$4:$H$12) -> 0 | E9: =SUMIF('04_ThietBi_HaTang'!$B$4:$B$12,E$7,'04_ThietBi_HaTang'!$H$4:$H$12) -> 60000000 | F9: =SUMIF('04_ThietBi_HaTang'!$B$4:$B$12,F$7,'04_ThietBi_HaTang'!$H$4:$H$12) -> 170000000 | G9: =SUMIF('04_ThietBi_HaTang'!$B$4:$B$12,G$7,'04_ThietBi_HaTang'!$H$4:$H$12) -> 40000000 | H9: =SUMIF('04_ThietBi_HaTang'!$B$4:$B$12,H$7,'04_ThietBi_HaTang'!$H$4:$H$12) -> 30000000 | I9: =SUM(C9:H9) -> 300000000 | J9: Thiết bị/hạ tầng được gắn trực tiếp với WBS tại sheet 04.
A10: 3 | B10: Chi khác | C10: =SUMIFS('05_ChiKhac'!$I$4:$I$23,'05_ChiKhac'!$B$4:$B$23,"Chi khác",'05_ChiKhac'!$C$4:$C$23,C$7) -> 45000000 | D10: =SUMIFS('05_ChiKhac'!$I$4:$I$23,'05_ChiKhac'!$B$4:$B$23,"Chi khác",'05_ChiKhac'!$C$4:$C$23,D$7) -> 55000000 | E10: =SUMIFS('05_ChiKhac'!$I$4:$I$23,'05_ChiKhac'!$B$4:$B$23,"Chi khác",'05_ChiKhac'!$C$4:$C$23,E$7) -> 65000000 | F10: =SUMIFS('05_ChiKhac'!$I$4:$I$23,'05_ChiKhac'!$B$4:$B$23,"Chi khác",'05_ChiKhac'!$C$4:$C$23,F$7) -> 70000000 | G10: =SUMIFS('05_ChiKhac'!$I$4:$I$23,'05_ChiKhac'!$B$4:$B$23,"Chi khác",'05_ChiKhac'!$C$4:$C$23,G$7) -> 100000000 | H10: =SUMIFS('05_ChiKhac'!$I$4:$I$23,'05_ChiKhac'!$B$4:$B$23,"Chi khác",'05_ChiKhac'!$C$4:$C$23,H$7) -> 65000000 | I10: =SUM(C10:H10) -> 400000000 | J10: Chi nghiệp vụ/quản trị/kiểm thử gắn trực tiếp với WBS tại sheet 05.
A11: 4 | B11: Dự phòng rủi ro | C11: =SUMIFS('05_ChiKhac'!$I$4:$I$23,'05_ChiKhac'!$B$4:$B$23,"Dự phòng",'05_ChiKhac'!$C$4:$C$23,C$7) -> 5000000 | D11: =SUMIFS('05_ChiKhac'!$I$4:$I$23,'05_ChiKhac'!$B$4:$B$23,"Dự phòng",'05_ChiKhac'!$C$4:$C$23,D$7) -> 5000000 | E11: =SUMIFS('05_ChiKhac'!$I$4:$I$23,'05_ChiKhac'!$B$4:$B$23,"Dự phòng",'05_ChiKhac'!$C$4:$C$23,E$7) -> 7000000 | F11: =SUMIFS('05_ChiKhac'!$I$4:$I$23,'05_ChiKhac'!$B$4:$B$23,"Dự phòng",'05_ChiKhac'!$C$4:$C$23,F$7) -> 15000000 | G11: =SUMIFS('05_ChiKhac'!$I$4:$I$23,'05_ChiKhac'!$B$4:$B$23,"Dự phòng",'05_ChiKhac'!$C$4:$C$23,G$7) -> 10000000 | H11: =SUMIFS('05_ChiKhac'!$I$4:$I$23,'05_ChiKhac'!$B$4:$B$23,"Dự phòng",'05_ChiKhac'!$C$4:$C$23,H$7) -> 8000000 | I11: =SUM(C11:H11) -> 50000000 | J11: Chỉ sử dụng khi rủi ro phát sinh và được nhóm/PM phê duyệt.
B12: TỔNG KINH PHÍ GIAI ĐOẠN | C12: =SUM(C8:C11) -> 83141210 | D12: =SUM(D8:D11) -> 99385207 | E12: =SUM(E8:E11) -> 1.7210567e+08 | F12: =SUM(F8:F11) -> 3.3016811e+08 | G12: =SUM(G8:G11) -> 1.9010567e+08 | H12: =SUM(H8:H11) -> 1.2509414e+08 | I12: =SUM(I8:I11) -> 1000000000 | J12: Tổng ngân sách toàn dự án
A14: NGUYÊN TẮC GIẢI NGÂN / ỨNG KINH PHÍ
A15: Mỗi khoản chi được gắn với giai đoạn và WBS cụ thể. Khi giai đoạn hoàn thành, các deliverable được rà soát/ghi nhận, nhóm tổng hợp phần chi phí của giai đoạn đó để đề nghị ứng hoặc hoàn ứng.Các sheet 03–05 là căn cứ đối chiếu chi tiết.
A18: Tổng: 250.000.000 nhân công + 300.000.000 hạ tầng/thiết bị + 400.000.000 chi khác + 50.000.000 dự phòng = 1.000.000.000 đồng.

Sheet 02_CV_ThoiGian_ChiPhi
A1: CÔNG VIỆC – THỜI GIAN – KINH PHÍ NHÂN CÔNG (WBS RÚT GỌN)
A2: Căn cứ: WBS cân bằng nguồn lực | Đơn vị thời gian: ngày công | EST chốt = (MO + 4×ML + MP)/6 × 1,10
A4: STT | B4: Giai đoạn | C4: Gói công việc | D4: Sản phẩm/đầu ra | E4: Tiến trình | F4: MO | G4: ML | H4: MP | I4: EST chốt | J4: Người phụ trách | K4: Chi phí NC (VND)
A5: 1.1 | B5: 1. Scope | C5: Khởi động & thiết lập quản trị dự án | D5: Charter, Stakeholder Register, quy ước quản trị | E5: Từ đầu | F5: 4 | G5: 7 | H5: 11 | I5: =((F5+4*G5+H5)/6)*1.1 -> 7.8833333 | J5: Hoàng Đàm Khánh | K5: =250000000*I5/190.85 -> 10326609
A6: 1.2 | B6: 1. Scope | C6: Khảo sát, xác định phạm vi & WBS | D6: Scope Statement, WBS, PERT/baseline | E6: Sau 1.1 | F6: 7 | G6: 11 | H6: 18 | I6: =((F6+4*G6+H6)/6)*1.1 -> 12.65 | J6: Nguyễn Hồng Dương | K6: =250000000*I6/190.85 -> 16570605
A7: 1.3 | B7: 1. Scope | C7: Dự toán chi phí & rủi ro ban đầu | D7: Dự toán sơ bộ, Risk Register v1 | E7: Sau 1.1 | F7: 2 | G7: 4 | H7: 8 | I7: =((F7+4*G7+H7)/6)*1.1 -> 4.7666667 | J7: Phạm Đức Anh | K7: =250000000*I7/190.85 -> 6243996.2
A8: 2.1 | B8: 2. Analysis | C8: Tổng hợp khảo sát & mô hình nghiệp vụ | D8: Mô hình AS-IS/TO-BE | E8: Sau 1.2 | F8: 4 | G8: 7 | H8: 10 | I8: =((F8+4*G8+H8)/6)*1.1 -> 7.7 | J8: Nguyễn Trọng Hiếu | K8: =250000000*I8/190.85 -> 10086455
A9: 2.2 | B9: 2. Analysis | C9: Phân tích use case & yêu cầu hệ thống | D9: Actor, use case, FR/NFR, quy tắc dữ liệu | E9: Sau 2.1 | F9: 10 | G9: 16 | H9: 23 | I9: =((F9+4*G9+H9)/6)*1.1 -> 17.783333 | J9: Nguyễn Trọng Hiếu | K9: =250000000*I9/190.85 -> 23294909
A10: 2.3 | B10: 2. Analysis | C10: Hoàn thiện SRS & ma trận truy vết | D10: SRS, RTM, baseline yêu cầu | E10: Sau 2.2 | F10: 3 | G10: 4 | H10: 6 | I10: =((F10+4*G10+H10)/6)*1.1 -> 4.5833333 | J10: Hoàng Đàm Khánh | K10: =250000000*I10/190.85 -> 6003842.5
A11: 3.1 | B11: 3. Design | C11: Thiết kế kiến trúc & API | D11: Kiến trúc hệ thống, API chính | E11: Sau 2.3 | F11: 4 | G11: 6 | H11: 10 | I11: =((F11+4*G11+H11)/6)*1.1 -> 6.9666667 | J11: Nguyễn Trọng Hiếu | K11: =250000000*I11/190.85 -> 9125840.5
A12: 3.2 | B12: 3. Design | C12: Thiết kế CSDL, trạng thái & tích hợp nghiệp vụ | D12: ERD/CSDL, trạng thái, OTP/QR–COD/phí | E12: Song song 3.1 | F12: 6 | G12: 11 | H12: 19 | I12: =((F12+4*G12+H12)/6)*1.1 -> 12.65 | J12: Phạm Đức Anh | K12: =250000000*I12/190.85 -> 16570605
A13: 3.3 | B13: 3. Design | C13: Thiết kế prototype & chốt baseline | D13: Prototype, design baseline | E13: Sau 3.1, 3.2 | F13: 5 | G13: 10 | H13: 15 | I13: =((F13+4*G13+H13)/6)*1.1 -> 11 | J13: Nguyễn Hồng Dương | K13: =250000000*I13/190.85 -> 14409222
A14: 4.1 | B14: 4. Development | C14: Thiết lập nền tảng phát triển & dữ liệu | D14: Repo, CSDL, dữ liệu mẫu, RBAC, trạm/ngăn | E14: Sau 3.3 | F14: 7 | G14: 13 | H14: 20 | I14: =((F14+4*G14+H14)/6)*1.1 -> 14.483333 | J14: Phạm Đức Anh | K14: =250000000*I14/190.85 -> 18972142
A15: 4.2 | B15: 4. Development | C15: Phát triển luồng gửi – nhận hàng | D15: Luồng gửi/nhận, OTP/QR, mở ngăn | E15: Sau 4.1 | F15: 6 | G15: 10 | H15: 16 | I15: =((F15+4*G15+H15)/6)*1.1 -> 11.366667 | J15: Nguyễn Trọng Hiếu | K15: =250000000*I15/190.85 -> 14889529
A16: 4.3 | B16: 4. Development | C16: Phát triển thuê ngăn, COD/phí & thanh toán | D16: Thuê ngăn, quá hạn, payment mock, đối soát | E16: Sau 4.1 | F16: 6 | G16: 12 | H16: 20 | I16: =((F16+4*G16+H16)/6)*1.1 -> 13.566667 | J16: Nguyễn Hồng Dương | K16: =250000000*I16/190.85 -> 17771374
... A23: 6.3 | B23: 6. Deployment | C23: Nghiệm thu, bàn giao & đóng dự án | D23: Biên bản nghiệm thu, báo cáo cuối, lessons learned | E23: Sau 6.1, 6.2 | F23: 2 | G23: 4 | H23: 6 | I23: =((F23+4*G23+H23)/6)*1.1 -> 4.4 | J23: Hoàng Đàm Khánh | K23: =250000000*I23/190.85 -> 5763688.8
A24: TỔNG | C24: 19 gói công việc; có thể thực hiện song song | I24: =SUM(I5:I23) -> 190.85 | K24: =SUM(K5:K23) -> 2.5e+08
A26: Ghi chú: ngân sách lao động cố định 250.000.000 đồng được phân bổ theo tỷ trọng ngày công của từng gói WBS. Tổng effort 190,85 ngày công là khối lượng lao động, không phải thời gian lịch của dự án.

Sheet 03_NhanCong
A1: PHỤ LỤC DỰ TOÁN – CÔNG LAO ĐỘNG THEO GIAI ĐOẠN
A2: ĐỀ TÀI | B2: Phát triển và triển khai Hệ thống quản lý tủ đồ thông minh Smartbox tại KĐT Vinhomes Ocean Park, Gia Lâm – CNTT2026_N05
A3: NGÂN SÁCH NHÂN CÔNG | B3: 250000000
A5: TT | B5: Thành viên | C5: Vai trò | D5: Giai đoạn | E5: WBS phụ trách | F5: Ngày công | G5: Thành tiền (VND)
A6: 1 | B6: Hoàng Đàm Khánh | C6: Chủ nhiệm / Project Manager | D6: 1. Scope | E6: 1.1 | F6: =SUMIFS('02_CV_ThoiGian_ChiPhi'!$I$5:$I$23,'02_CV_ThoiGian_ChiPhi'!$J$5:$J$23,B6,'02_CV_ThoiGian_ChiPhi'!$B$5:$B$23,D6) -> 7.8833333 | G6: =$B$3*F6/190.85 -> 10326609
A7: 2 | B7: Hoàng Đàm Khánh | C7: Chủ nhiệm / Project Manager | D7: 2. Analysis | E7: 2.3 | F7: =SUMIFS('02_CV_ThoiGian_ChiPhi'!$I$5:$I$23,'02_CV_ThoiGian_ChiPhi'!$J$5:$J$23,B7,'02_CV_ThoiGian_ChiPhi'!$B$5:$B$23,D7) -> 4.5833333 | G7: =$B$3*F7/190.85 -> 6003842.5
A8: 3 | B8: Hoàng Đàm Khánh | C8: Chủ nhiệm / Project Manager | D8: 3. Design | E8: — | F8: =SUMIFS('02_CV_ThoiGian_ChiPhi'!$I$5:$I$23,'02_CV_ThoiGian_ChiPhi'!$J$5:$J$23,B8,'02_CV_ThoiGian_ChiPhi'!$B$5:$B$23,D8) -> 0 | G8: =$B$3*F8/190.85 -> 0
A9: 4 | B9: Hoàng Đàm Khánh | C9: Chủ nhiệm / Project Manager | D9: 4. Development | E9: 4.4 | F9: =SUMIFS('02_CV_ThoiGian_ChiPhi'!$I$5:$I$23,'02_CV_ThoiGian_ChiPhi'!$J$5:$J$23,B9,'02_CV_ThoiGian_ChiPhi'!$B$5:$B$23,D9) -> 17.966667 | G9: =$B$3*F9/190.85 -> 23535062
A10: 5 | B10: Hoàng Đàm Khánh | C10: Chủ nhiệm / Project Manager | D10: 5. Testing | E10: — | F10: =SUMIFS('02_CV_ThoiGian_ChiPhi'!$I$5:$I$23,'02_CV_ThoiGian_ChiPhi'!$J$5:$J$23,B10,'02_CV_ThoiGian_ChiPhi'!$B$5:$B$23,D10) -> 0 | G10: =$B$3*F10/190.85 -> 0
A11: 6 | B11: Hoàng Đàm Khánh | C11: Chủ nhiệm / Project Manager | D11: 6. Deployment | E11: 6.1, 6.2, 6.3 | F11: =SUMIFS('02_CV_ThoiGian_ChiPhi'!$I$5:$I$23,'02_CV_ThoiGian_ChiPhi'!$J$5:$J$23,B11,'02_CV_ThoiGian_ChiPhi'!$B$5:$B$23,D11) -> 16.866667 | G11: =$B$3*F11/190.85 -> 22094140
A12: 7 | B12: Nguyễn Trọng Hiếu | C12: Phân tích / Kỹ thuật / Unit Test | D12: 1. Scope | E12: — | F12: =SUMIFS('02_CV_ThoiGian_ChiPhi'!$I$5:$I$23,'02_CV_ThoiGian_ChiPhi'!$J$5:$J$23,B12,'02_CV_ThoiGian_ChiPhi'!$B$5:$B$23,D12) -> 0 | G12: =$B$3*F12/190.85 -> 0
A13: 8 | B13: Nguyễn Trọng Hiếu | C13: Phân tích / Kỹ thuật / Unit Test | D13: 2. Analysis | E13: 2.1, 2.2 | F13: =SUMIFS('02_CV_ThoiGian_ChiPhi'!$I$5:$I$23,'02_CV_ThoiGian_ChiPhi'!$J$5:$J$23,B13,'02_CV_ThoiGian_ChiPhi'!$B$5:$B$23,D13) -> 25.483333 | G13: =$B$3*F13/190.85 -> 33381364
A14: 9 | B14: Nguyễn Trọng Hiếu | C14: Phân tích / Kỹ thuật / Unit Test | D14: 3. Design | E14: 3.1 | F14: =SUMIFS('02_CV_ThoiGian_ChiPhi'!$I$5:$I$23,'02_CV_ThoiGian_ChiPhi'!$J$5:$J$23,B14,'02_CV_ThoiGian_ChiPhi'!$B$5:$B$23,D14) -> 6.9666667 | G14: =$B$3*F14/190.85 -> 9125840.5
A15: 10 | B15: Nguyễn Trọng Hiếu | C15: Phân tích / Kỹ thuật / Unit Test | D15: 4. Development | E15: 4.2 | F15: =SUMIFS('02_CV_ThoiGian_ChiPhi'!$I$5:$I$23,'02_CV_ThoiGian_ChiPhi'!$J$5:$J$23,B15,'02_CV_ThoiGian_ChiPhi'!$B$5:$B$23,D15) -> 11.366667 | G15: =$B$3*F15/190.85 -> 14889529
A16: 11 | B16: Nguyễn Trọng Hiếu | C16: Phân tích / Kỹ thuật / Unit Test | D16: 5. Testing | E16: 5.1 | F16: =SUMIFS('02_CV_ThoiGian_ChiPhi'!$I$5:$I$23,'02_CV_ThoiGian_ChiPhi'!$J$5:$J$23,B16,'02_CV_ThoiGian_ChiPhi'!$B$5:$B$23,D16) -> 6.6 | G16: =$B$3*F16/190.85 -> 8645533.1
A17: 12 | B17: Nguyễn Trọng Hiếu | C17: Phân tích / Kỹ thuật / Unit Test | D17: 6. Deployment | E17: — | F17: =SUMIFS('02_CV_ThoiGian_ChiPhi'!$I$5:$I$23,'02_CV_ThoiGian_ChiPhi'!$J$5:$J$23,B17,'02_CV_ThoiGian_ChiPhi'!$B$5:$B$23,D17) -> 0 | G17: =$B$3*F17/190.85 -> 0
... A29: 24 | B29: Phạm Đức Anh | C29: Rủi ro / Chi phí / Hạ tầng / UAT | D29: 6. Deployment | E29: — | F29: =SUMIFS('02_CV_ThoiGian_ChiPhi'!$I$5:$I$23,'02_CV_ThoiGian_ChiPhi'!$J$5:$J$23,B29,'02_CV_ThoiGian_ChiPhi'!$B$5:$B$23,D29) -> 0 | G29: =$B$3*F29/190.85 -> 0
B30: TỔNG CỘNG | F30: =SUM(F6:F29) -> 190.85 | G30: =SUM(G6:G29) -> 250000000
B32: THÀNH VIÊN | C32: TỔNG NGÀY CÔNG | D32: TỔNG TIỀN CÔNG
B33: Hoàng Đàm Khánh | C33: =SUMIF($B$6:$B$29,B33,$F$6:$F$29) -> 47.3 | D33: =SUMIF($B$6:$B$29,B33,$G$6:$G$29) -> 61959654
B34: Nguyễn Trọng Hiếu | C34: =SUMIF($B$6:$B$29,B34,$F$6:$F$29) -> 50.416667 | D34: =SUMIF($B$6:$B$29,B34,$G$6:$G$29) -> 66042267
B35: Nguyễn Hồng Dương | C35: =SUMIF($B$6:$B$29,B35,$F$6:$F$29) -> 45.1 | D35: =SUMIF($B$6:$B$29,B35,$G$6:$G$29) -> 59077810
B36: Phạm Đức Anh | C36: =SUMIF($B$6:$B$29,B36,$F$6:$F$29) -> 48.033333 | D36: =SUMIF($B$6:$B$29,B36,$G$6:$G$29) -> 62920269

Sheet 04_ThietBi_HaTang
A1: PHỤ LỤC DỰ TOÁN – HẠ TẦNG, THIẾT BỊ THEO GIAI ĐOẠN
A3: TT | B3: Giai đoạn | C3: WBS liên quan | D3: Hạng mục | E3: ĐVT | F3: SL | G3: Đơn giá | H3: Thành tiền | I3: Mốc hạch toán/ứng
A4: 1 | B4: 3. Design | C4: 3.1 | D4: Cloud/VPS môi trường thiết kế kiến trúc & API | E4: Gói | F4: 1 | G4: 30000000 | H4: 30000000 | I4: Theo giai đoạn Design
A5: 2 | B5: 3. Design | C5: 3.2 | D5: Dịch vụ CSDL/API phục vụ tích hợp mock | E5: Gói | F5: 1 | G5: 30000000 | H5: 30000000 | I5: Theo giai đoạn Design
A6: 3 | B6: 4. Development | C6: 4.1 | D6: Bộ mô phỏng IoT/ngăn tủ tại phòng lab | E6: Bộ | F6: 1 | G6: 80000000 | H6: 80000000 | I6: Theo giai đoạn Development
A7: 4 | B7: 4. Development | C7: 4.1 | D7: Thiết bị mạng, lưu trữ và sao lưu môi trường phát triển | E7: Bộ | F7: 1 | G7: 30000000 | H7: 30000000 | I7: Theo giai đoạn Development
A8: 5 | B8: 4. Development | C8: 4.2 | D8: Thiết bị QR/điện thoại phục vụ demo luồng gửi–nhận | E8: Bộ | F8: 1 | G8: 40000000 | H8: 40000000 | I8: Theo giai đoạn Development
A9: 6 | B9: 4. Development | C9: 4.4 | D9: Công cụ CI/CD, monitoring và license hỗ trợ tích hợp | E9: Gói | F9: 1 | G9: 20000000 | H9: 20000000 | I9: Theo giai đoạn Development
A10: 7 | B10: 5. Testing | C10: 5.1 | D10: Môi trường/công cụ Unit & Integration Test | E10: Gói | F10: 1 | G10: 20000000 | H10: 20000000 | I10: Theo giai đoạn Testing
A11: 8 | B11: 5. Testing | C11: 5.2 | D11: Công cụ kiểm thử bảo mật/hiệu năng | E11: Gói | F11: 1 | G11: 20000000 | H11: 20000000 | I11: Theo giai đoạn Testing
A12: 9 | B12: 6. Deployment | C12: 6.1 | D12: Cloud/VPS demo, backup và cấu hình triển khai | E12: Gói | F12: 1 | G12: 30000000 | H12: 30000000 | I12: Theo giai đoạn Deployment
B14: TỔNG CỘNG | H14: =SUM(H4:H12) -> 300000000 | I14: 300.000.000 đồng

Sheet 05_ChiKhac
A1: PHỤ LỤC DỰ TOÁN – CHI KHÁC & DỰ PHÒNG THEO GIAI ĐOẠN
A3: TT | B3: Loại chi | C3: Giai đoạn | D3: WBS liên quan | E3: Nội dung | F3: ĐVT | G3: SL | H3: Đơn giá | I3: Thành tiền | J3: Ghi chú
A4: 1 | B4: Chi khác | C4: 1. Scope | D4: 1.1–1.2 | E4: Khảo sát nghiệp vụ, di chuyển và liên lạc | F4: Gói | G4: 1 | H4: 20000000 | I4: 20000000 | J4: Hạch toán Scope
A5: 2 | B5: Chi khác | C5: 1. Scope | D5: 1.1 | E5: Họp khởi động, quản trị tài liệu và kho dùng chung | F5: Gói | G5: 1 | H5: 25000000 | I5: 25000000 | J5: Hạch toán Scope
A6: 3 | B6: Chi khác | C6: 2. Analysis | D6: 2.1–2.2 | E6: Phỏng vấn/khảo sát bổ sung, chuẩn hóa dữ liệu yêu cầu | F6: Gói | G6: 1 | H6: 20000000 | I6: 20000000 | J6: Hạch toán Analysis
A7: 4 | B7: Chi khác | C7: 2. Analysis | D7: 2.2–2.3 | E7: Hỗ trợ mô hình hóa use case, SRS và truy vết | F7: Gói | G7: 1 | H7: 20000000 | I7: 20000000 | J7: Hạch toán Analysis
A8: 5 | B8: Chi khác | C8: 2. Analysis | D8: 2.3 | E8: Hoàn thiện/in bộ tài liệu baseline yêu cầu | F8: Gói | G8: 1 | H8: 15000000 | I8: 15000000 | J8: Hạch toán Analysis
A9: 6 | B9: Chi khác | C9: 3. Design | D9: 3.3 | E9: Thiết kế UX/UI và prototype Smartbox | F9: Gói | G9: 1 | H9: 50000000 | I9: 50000000 | J9: Hạch toán Design
A10: 7 | B10: Chi khác | C10: 3. Design | D10: 3.1–3.3 | E10: Rà soát kiến trúc, CSDL và prototype trước baseline | F10: Gói | G10: 1 | H10: 15000000 | I10: 15000000 | J10: Hạch toán Design
A11: 8 | B11: Chi khác | C11: 4. Development | D11: 4.1–4.4 | E11: Hỗ trợ tích hợp/mock dịch vụ trong phát triển | F11: Gói | G11: 1 | H11: 50000000 | I11: 50000000 | J11: Hạch toán Development
A12: 9 | B12: Chi khác | C12: 4. Development | D12: 4.4 | E12: Code review, quản lý tài liệu kỹ thuật và lưu trữ | F12: Gói | G12: 1 | H12: 20000000 | I12: 20000000 | J12: Hạch toán Development
A13: 10 | B13: Chi khác | C13: 5. Testing | D13: 5.1–5.2 | E13: Kiểm thử chuyên sâu và an toàn thông tin | F13: Gói | G13: 1 | H13: 70000000 | I13: 70000000 | J13: Hạch toán Testing
A14: 11 | B14: Chi khác | C14: 5. Testing | D14: 5.2 | E14: Chuẩn bị UAT, test data và minh chứng nghiệm thu | F14: Gói | G14: 1 | H14: 30000000 | I14: 30000000 | J14: Hạch toán Testing
A15: 12 | B15: Chi khác | C15: 6. Deployment | D15: 6.1–6.3 | E15: Tổ chức demo và nghiệm thu học phần | F15: Gói | G15: 1 | H15: 35000000 | I15: 35000000 | J15: Hạch toán Deployment
... A23: 20 | B23: Dự phòng | C23: 6. Deployment | D23: 6.1–6.3 | E23: Dự phòng rủi ro giai đoạn Deployment | F23: Gói | G23: 1 | H23: 8000000 | I23: 8000000 | J23: Chỉ dùng khi rủi ro được phê duyệt
B25: TỔNG CHI KHÁC | I25: =SUMIF(B4:B23,"Chi khác",I4:I23) -> 400000000 | J25: 400.000.000 đồng
B26: TỔNG DỰ PHÒNG | I26: =SUMIF(B4:B23,"Dự phòng",I4:I23) -> 50000000 | J26: 50.000.000 đồng
B27: TỔNG CỘNG | I27: =SUM(I25:I26) -> 450000000 | J27: 450.000.000 đồng
